{
  "model": "Mistral-7B (LoRA)",
  "dataset": "buzzfeed",
  "epochs": 3,
  "train_samples": 127,
  "test_samples": 28,
  "accuracy": 0.8928571428571429,
  "precision": 0.8948717948717949,
  "recall": 0.8928571428571429,
  "f1": 0.8927203065134101,
  "training_time_minutes": 0.3,
  "inference_time_seconds": 0.5381,
  "timestamp": "2026-05-14T02:03:00.454209"
}