{
  "model": "Mistral-7B (LoRA)",
  "dataset": "welfake",
  "epochs": 3,
  "train_samples": 50103,
  "test_samples": 10737,
  "accuracy": 0.9472850889447704,
  "precision": 0.9473059381283561,
  "recall": 0.9472850889447704,
  "f1": 0.9472795927292817,
  "training_time_minutes": 73.02,
  "inference_time_seconds": 96.537,
  "timestamp": "2026-05-14T01:40:48.112538"
}